id,legacy_id,type,batching_type,is_serial_numbered,service_id,dropshipping_type,sync_stock,include_component_stock_level,fulfilment_client_id,sku,secondary_sku,sku_hash,vendor_sku,chapi_id,stock_level,stock_level_open,stock_level_global_available,stock_level_available,stock_warn_level,item_barcode,item_barcode_2,item_barcode_3,item_barcode_4,item_barcode_5,thumbnail_url,single_parcel_per_item,name,product_weight,product_height,product_width,product_length,product_box_type,product_box_quantity,picking_by_packaging,default_packaging_id,description,country_of_origin,hs_code,customs_description,unit_price,cost_price,shipping_service_id,zone,multiplier,include_po_stock,custom_fields,dynamic_components_type,is_archived,archived_sync_stock,temp_image_url,ghost_asset,master_dropshipping,include_po_level,fabric_content,low_stock_email_sent_time,vat_rate_percentage,stock_update_scheduled_at,created_at,updated_at,dont_sync_until,assembly_notes,customs_value,locations,image,images,accounting_options
1795,,1,0,0,,0,0,0,1,YL03,,ae7114eb6f7a225ab118f3fe0c5e4114,,a94e56f0-994b-44a7-b889-3c809d8e0f71,0,6,-6,0,0,,,,,,https://makeandsupplyltd.myhelm.app/storage/thumbnails/1795.jpg?v=1781901892,0,"Romain - Yummy Limited, Issue Two (Limited Edition Book Series) - Book + Additional Dust Jacket",0.000,0.0,0.0,0.0,1,1,0,0,,,,,0.0000,,0,,1,0,{},0,0,,,1,0,0,,0,20.0000,,2025-12-03 21:54:08,2026-06-20 05:57:32,,,,[],https://makeandsupplyltd.myhelm.app/storage/thumbnails/1795.jpg?v=1781901892,"[""https://s3.eu-central-003.backblazeb2.com/helm-public/inventory-uploads/16b0b9679580c705d5c5dd55460cf13af1ba9c02/dl_image_okmDHn_1781729015.jpg""]",[]
2336,,1,0,0,,0,1,0,1,Y12-AG,,9decc59a4f50a1f1fc98362a347a913a,,a4d145f0-1f01-4239-bf2a-9c0f6a6c2391,0,105,-105,0,0,,,,,,https://makeandsupplyltd.myhelm.app/storage/thumbnails/2336.jpg?v=1781835945,0,Yummy Issue Twelve Aiden Githens,1.800,0.0,0.0,0.0,1,1,0,0,,GB,490290,,70.0000,,0,,1,0,{},0,0,,,0,0,0,,0,20.0000,2026-06-19 03:24:13,2026-03-21 19:15:24,2026-06-20 05:57:32,,,,[],https://makeandsupplyltd.myhelm.app/storage/thumbnails/2336.jpg?v=1781835945,"[""https://s3.eu-central-003.backblazeb2.com/helm-public/inventory-uploads/de463c3d24197595271c4493e19d2780059f23a5/dl_image_plU6Mg_1781835865.jpg""]",[]
2378,,1,0,0,,0,1,0,1,Z12,,4eadafceca0ec0f27764a2e4addf283a,,44d209c0-4d87-4f50-ad29-fd0230cc6459,0,115,-115,0,0,,,,,,https://makeandsupplyltd.myhelm.app/storage/thumbnails/2378.jpg?v=1781879211,0,YUMMYZINE | ISSUE 12 Yummyzine Issue 12,0.000,0.0,0.0,0.0,5,1,0,0,,GB,490290,,42.0000,,0,,1,0,{},0,0,,,0,0,0,,0,20.0000,2026-06-19 16:55:32,2026-04-12 20:27:35,2026-06-20 05:57:32,,,,[],https://makeandsupplyltd.myhelm.app/storage/thumbnails/2378.jpg?v=1781879211,"[""https://s3.eu-central-003.backblazeb2.com/helm-public/inventory-uploads/536e7cf19b69d16a742b7e092061d4763688b0b8/dl_image_4IOgXb_1781879152.jpg""]",[]
2390,,1,0,0,,0,0,0,4,PIONEER-PULL,,18655670e241bbe92235f6984cf45099,,1d8426f3-c024-410e-a3b1-1e086cb95248,0,1,-1,0,0,,,,,,https://makeandsupplyltd.myhelm.app/storage/thumbnails/2390.jpg?v=1781711623,0,Pioneer Pull Tool,0.000,0.0,0.0,0.0,1,1,0,0,,CN,4201000090,"Saddlery and harness for any animal (including traces, leads, knee pads, muzzles, saddle-cloths, saddlebags, dog coats and the like), of any material ",0.0000,,0,,1,0,{},0,0,,,0,0,0,,0,20.0000,2026-04-21 08:34:59,2026-04-14 10:03:25,2026-06-20 05:57:32,,,,[],https://makeandsupplyltd.myhelm.app/storage/thumbnails/2390.jpg?v=1781711623,"[""https://s3.eu-central-003.backblazeb2.com/helm-public/inventory-uploads/faba617cf29bf5586b4798b56b8a5603e9b1d6cf/dl_image_vYyEHX_1781711574.jpg""]",[]
2393,,1,0,0,,0,1,0,1,Z12-AM,,52cf0b5ce9432b9a254b7f88101c58c8,,310ea844-3ad4-41c7-8ced-ed96891eed02,0,50,-50,0,0,,,,,,https://makeandsupplyltd.myhelm.app/storage/thumbnails/2393.jpg?v=1781744331,0,YUMMYZINE | ISSUE 12 Limited Edition Cover - Andrew Murray,0.000,0.0,0.0,0.0,1,1,0,0,,GB,490290,,42.0000,,0,,1,0,{},0,0,,,0,0,0,,0,20.0000,2026-06-18 01:57:08,2026-04-22 08:39:17,2026-06-20 05:57:32,,,,[],https://makeandsupplyltd.myhelm.app/storage/thumbnails/2393.jpg?v=1781744331,"[""https://s3.eu-central-003.backblazeb2.com/helm-public/inventory-uploads/597f3c419a895f79803c6284d07c48b561901a0b/dl_image_Fxb5Ti_1781744258.jpg""]",[]
2429,,1,0,0,,0,0,0,4,PS-FS-BP-BK-05,,085f6b49b8560c9a898bb599ddbec7c0,,5caf570e-0e6e-4728-a5f8-ccddfa5ccf6b,0,14,-14,0,0,,,,,,https://makeandsupplyltd.myhelm.app/storage/thumbnails/2429.jpg?v=1781722372,0,PRE-ORDER Pioneer Sports Hoof Boots Pair SLIM - 05 SLIM,0.000,0.0,0.0,0.0,5,1,0,0,,,,,0.0000,,0,,1,0,{},0,0,,,1,0,0,,0,20.0000,,2026-05-21 20:21:16,2026-06-20 05:57:32,,,,[],https://makeandsupplyltd.myhelm.app/storage/thumbnails/2429.jpg?v=1781722372,"[""https://s3.eu-central-003.backblazeb2.com/helm-public/inventory-uploads/b1847f989d2c062bfd2cd9b1c75256d65e35546d/dl_image_wiBDv2_1781722280.jpg""]",[]
2430,,1,0,0,,0,1,0,1,Y12-RD,,bfe9c403ba6ce389182c9b20a0f34978,,bcd53c2c-8870-4a62-a999-6d67fee2c9a5,0,17,-17,0,0,,,,,,https://makeandsupplyltd.myhelm.app/storage/thumbnails/2430.jpg?v=1781883434,0,YUMMY | ISSUE TWELVE Reuben Doney,0.000,0.0,0.0,0.0,5,1,0,0,,GB,490290,,70.0000,,0,,1,0,{},0,0,,,0,0,0,,0,20.0000,2026-06-19 16:36:18,2026-05-21 21:12:20,2026-06-20 05:57:32,,,,[],https://makeandsupplyltd.myhelm.app/storage/thumbnails/2430.jpg?v=1781883434,"[""https://s3.eu-central-003.backblazeb2.com/helm-public/inventory-uploads/9d085d75473ba2b45a9b369657539b2339364011/dl_image_tcMnKG_1781883381.jpg""]",[]
2431,,1,0,0,,0,1,0,4,PS-FS-BP-BK-03,,6be7a4e047c9eecf8a7810374950d2b2,,b338fe7f-bdaf-4067-a14c-fcab893de191,0,9,-9,0,0,,,,,,https://makeandsupplyltd.myhelm.app/storage/thumbnails/2431.jpg?v=1781648627,0,PRE-ORDER Pioneer Sports Hoof Boots Pair SLIM (03 SLIM),1.200,0.0,0.0,0.0,5,1,0,0,,,,,230.4000,,0,,1,0,{},0,0,,,0,0,0,,0,20.0000,2026-06-16 23:21:20,2026-05-21 21:33:39,2026-06-20 05:57:32,,,,[],https://makeandsupplyltd.myhelm.app/storage/thumbnails/2431.jpg?v=1781648627,"[""https://s3.eu-central-003.backblazeb2.com/helm-public/inventory-uploads/1ff0df0bcd79eea1189ee0047f09d04f1fca13f9/dl_image_eqhEjY_1781648563.jpg""]",[]
2444,,1,0,0,,0,1,0,1,Z12-JPVDW,,2fde1e166f7a3f9c28768d6a22da9e47,,9b211e11-2e90-4144-92f8-5ee695fdd475,0,26,-26,0,0,,,,,,https://makeandsupplyltd.myhelm.app/storage/thumbnails/2444.jpg?v=1781884339,0,YUMMYZINE | ISSUE 12 Limited Edition Cover - Jean Pierré Van der Walt,0.000,0.0,0.0,0.0,5,1,0,0,,GB,490290,,42.0000,,0,,1,0,{},0,0,,,0,0,0,,0,20.0000,2026-06-19 16:51:06,2026-06-04 09:27:34,2026-06-20 05:57:32,,,,[],https://makeandsupplyltd.myhelm.app/storage/thumbnails/2444.jpg?v=1781884339,"[""https://s3.eu-central-003.backblazeb2.com/helm-public/inventory-uploads/7896b22960d36888de6fb7aec097c8d90bcd38eb/dl_image_NyS554_1781884276.jpg""]",[]
2445,,1,0,0,,0,1,0,1,Z12-GZ,,d8a1c9d539c15c1198b305449d2e2186,,b698d0c4-b8e5-4a33-a563-86cf82aeb040,0,11,-11,0,0,,,,,,https://makeandsupplyltd.myhelm.app/storage/thumbnails/2445.jpg?v=1781883103,0,YUMMYZINE | ISSUE 12 Limited Edition Cover - Gregory Zubenko,0.000,0.0,0.0,0.0,1,1,0,0,,GB,490290,,42.0000,,0,,1,0,{},0,0,,,0,0,0,,0,20.0000,2026-06-19 16:55:24,2026-06-04 09:27:34,2026-06-20 05:57:32,,,,[],https://makeandsupplyltd.myhelm.app/storage/thumbnails/2445.jpg?v=1781883103,"[""https://s3.eu-central-003.backblazeb2.com/helm-public/inventory-uploads/8b1bf02f1fe3423b95d951c57303cc352ac3ea4f/dl_image_i1kn1G_1781883097.jpg""]",[]
2329,,1,0,0,,0,1,0,1,Y12-sub-recurring-preorder,,4b331dcf895bd9b0b403fbc015f76526,,5b1c714a-c31f-4250-908a-4721c4c74644,0,13,-13,0,0,,,,,,https://makeandsupplyltd.myhelm.app/storage/thumbnails/2329.jpg?v=1781685744,0,Yummy Issue Twelve Subscribe & Save,1.800,0.0,0.0,0.0,5,1,0,0,,GB,490290,,70.0000,,0,,1,0,{},0,0,,,0,0,0,,0,20.0000,2026-06-09 16:45:14,2026-03-08 19:06:28,2026-06-20 05:57:31,,,,[],https://makeandsupplyltd.myhelm.app/storage/thumbnails/2329.jpg?v=1781685744,"[""https://s3.eu-central-003.backblazeb2.com/helm-public/inventory-uploads/5f337360533c994b1628f44743f92a33200898e1/dl_image_FFzwR0_1781020016.jpg""]",[]
2427,,1,0,0,,0,0,0,4,PS-FS-BP-BK-04,,89e07e518329f30f9c982b917f426f7e,,c45c6190-ade3-4b77-a611-4e5bb1a985f2,0,20,-20,0,0,,,,,,https://makeandsupplyltd.myhelm.app/storage/thumbnails/2427.jpg?v=1781373158,0,PRE-ORDER Pioneer Sports Hoof Boots Pair SLIM - 04 SLIM,0.000,0.0,0.0,0.0,5,1,0,0,,,,,0.0000,,0,,1,0,{},0,0,,,1,0,0,,0,20.0000,,2026-05-21 20:00:13,2026-06-20 05:57:31,,,,[],https://makeandsupplyltd.myhelm.app/storage/thumbnails/2427.jpg?v=1781373158,"[""https://s3.eu-central-003.backblazeb2.com/helm-public/inventory-uploads/1fb4e02948db7bd0cc4233f2c93db1788f33f722/dl_image_cAc023_1781373081.jpg""]",[]
2428,,1,0,0,,0,0,0,4,PS-FS-BP-BK-06,,e456a6192268be46495bc88fc9ea0172,,da1716fe-7044-4b94-90c3-eb9e0d9f8215,0,8,-8,0,0,,,,,,https://makeandsupplyltd.myhelm.app/storage/thumbnails/2428.jpg?v=1781083012,0,PRE-ORDER Pioneer Sports Hoof Boots Pair SLIM - 06 SLIM,0.000,0.0,0.0,0.0,5,1,0,0,,,,,0.0000,,0,,1,0,{},0,0,,,1,0,0,,0,20.0000,,2026-05-21 20:21:16,2026-06-20 05:57:31,,,,[],https://makeandsupplyltd.myhelm.app/storage/thumbnails/2428.jpg?v=1781083012,"[""https://s3.eu-central-003.backblazeb2.com/helm-public/inventory-uploads/5e87412d41fb641bbc505a6812cc789252a81cc5/dl_image_QgiKLm_1781083008.jpg""]",[]
2432,,1,0,0,,0,1,0,4,PS-FS-BP-BK-02,,7c6fac34c89187089c303ef9817420f1,,c641e43f-4c4f-4535-abb4-f43fc9cb55eb,0,7,-7,0,0,,,,,,https://makeandsupplyltd.myhelm.app/storage/thumbnails/2432.jpg?v=1781205732,0,PRE-ORDER Pioneer Sports Hoof Boots Pair SLIM (02 SLIM),1.200,0.0,0.0,0.0,5,1,0,0,,,,,230.4000,,0,,1,0,{},0,0,,,0,0,0,,0,20.0000,2026-06-11 20:22:02,2026-05-21 21:33:39,2026-06-20 05:57:31,,,,[],https://makeandsupplyltd.myhelm.app/storage/thumbnails/2432.jpg?v=1781205732,"[""https://s3.eu-central-003.backblazeb2.com/helm-public/inventory-uploads/fa9c039a4518617cd44ba92e48c914c2163a540b/dl_image_EUE8RO_1781205725.jpg""]",[]
2433,,1,0,0,,0,1,0,4,PS-F-BP-BK-06,,a18772cc9ee8c5aa1d99c71a0a581e19,,f0b475a7-b9e2-416f-af04-5a207f7edfff,0,7,-7,0,0,,,,,,https://makeandsupplyltd.myhelm.app/storage/thumbnails/2433.jpg?v=1781627679,0,Pioneer Sports Hoof Boots Pair (06 PRE-ORDER),1.200,0.0,0.0,0.0,5,1,0,0,,,,,230.4000,,0,,1,0,{},0,0,,,0,0,0,,0,20.0000,2026-06-16 17:33:18,2026-05-22 09:33:29,2026-06-20 05:57:31,,,,[],https://makeandsupplyltd.myhelm.app/storage/thumbnails/2433.jpg?v=1781627679,"[""https://s3.eu-central-003.backblazeb2.com/helm-public/inventory-uploads/9b2ea0b6c32f8290fd9164d9a5b02fd332c3eb5b/dl_image_HPirCH_1781627672.jpg""]",[]
1794,,1,0,0,,0,1,0,1,Y12-TBA,,13c89f56a668f8da27eb9b302fe0abd5,,10decd76-262f-4b07-a82e-7d02181619d1,0,75,-75,0,0,,,,,,https://makeandsupplyltd.myhelm.app/storage/thumbnails/1794.png?v=1772629941,0,Yummy Issue Twelve — Large-Format Premium Male Art Magazine (Limited Biannual Print) Main Cover TBA,2.000,0.0,0.0,0.0,1,1,0,0,,GB,490290,,70.0000,,0,,1,0,{},0,0,,,0,0,0,,0,20.0000,2026-04-15 11:01:36,2025-12-02 17:09:35,2026-06-20 05:57:24,,,,[],https://makeandsupplyltd.myhelm.app/storage/thumbnails/1794.png?v=1772629941,"[""https://s3.eu-central-003.backblazeb2.com/helm-public/inventory-uploads/0d49e300af70ee7af6b09ebc7482a39b31a8809b/dl_image_4MxH0d_1772629853.png""]",[]
892,,1,0,0,0,0,1,0,2,401176201G,401176201G,06b34da9ef0968171b2c5531f2f596de,,1b906aa8-97a9-4748-8159-5b40942c0ea4,109,0,109,108,0,051243130726,401176201G,,,,https://makeandsupplyltd.myhelm.app/storage/thumbnails/892.jpg?v=1781216471,1,ML 5 CMPCT C/O EXP SPN BLK,3.300,59.7,36.8,23.5,1,1,0,0,,CN,4202129990,"Trunks, suitcases, vanity cases, executive-cases, briefcases, school satchels and similar containers",0.0000,0.0000,0,,1,0,[],0,0,1,,0,0,0,,0,20.0000,2026-06-20 05:41:01,2025-07-21 21:52:08,2026-06-20 05:41:08,,,,"[{""id"":2272,""type_id"":5,""parent_location_id"":null,""legacy_id"":null,""location_name"":""P11000000000021293"",""priority"":1019,""pickable"":0,""allow_box_splitting"":1,""allow_negative"":0,""on_hand_stock"":1,""warehouse_id"":2541,""deleted"":0,""deleted_at"":null,""created_at"":""2026-01-27 23:45:36"",""updated_at"":""2026-06-19 22:01:53"",""iso_countries"":"""",""barcode"":""P11000000000021293"",""inventory_id"":892,""location_id"":2965,""stock_level"":2,""stock_level_available"":2,""stock_max_level"":0,""stock_warn_level"":0,""location_priority"":3000},{""id"":2349,""type_id"":5,""parent_location_id"":null,""legacy_id"":null,""location_name"":""P11000000000021337"",""priority"":1022,""pickable"":0,""allow_box_splitting"":1,""allow_negative"":0,""on_hand_stock"":1,""warehouse_id"":2541,""deleted"":0,""deleted_at"":null,""created_at"":""2026-01-30 00:27:28"",""updated_at"":""2026-06-19 22:01:53"",""iso_countries"":"""",""barcode"":""P11000000000021337"",""inventory_id"":892,""location_id"":3009,""stock_level"":6,""stock_level_available"":6,""stock_max_level"":0,""stock_warn_level"":0,""location_priority"":3000},{""id"":2371,""type_id"":5,""parent_location_id"":null,""legacy_id"":null,""location_name"":""P11000000000021322"",""priority"":1024,""pickable"":0,""allow_box_splitting"":1,""allow_negative"":0,""on_hand_stock"":1,""warehouse_id"":2541,""deleted"":0,""deleted_at"":null,""created_at"":""2026-01-30 00:46:13"",""updated_at"":""2026-06-19 22:01:53"",""iso_countries"":"""",""barcode"":""P11000000000021322"",""inventory_id"":892,""location_id"":2994,""stock_level"":4,""stock_level_available"":4,""stock_max_level"":0,""stock_warn_level"":0,""location_priority"":3000},{""id"":2377,""type_id"":5,""parent_location_id"":null,""legacy_id"":null,""location_name"":""P11000000000021323"",""priority"":1025,""pickable"":0,""allow_box_splitting"":1,""allow_negative"":0,""on_hand_stock"":1,""warehouse_id"":2541,""deleted"":0,""deleted_at"":null,""created_at"":""2026-01-30 00:51:13"",""updated_at"":""2026-06-19 22:01:53"",""iso_countries"":"""",""barcode"":""P11000000000021323"",""inventory_id"":892,""location_id"":2995,""stock_level"":6,""stock_level_available"":6,""stock_max_level"":0,""stock_warn_level"":0,""location_priority"":3000},{""id"":2383,""type_id"":5,""parent_location_id"":null,""legacy_id"":null,""location_name"":""P11000000000021317"",""priority"":1026,""pickable"":0,""allow_box_splitting"":1,""allow_negative"":0,""on_hand_stock"":1,""warehouse_id"":2541,""deleted"":0,""deleted_at"":null,""created_at"":""2026-01-30 01:08:40"",""updated_at"":""2026-06-19 22:01:53"",""iso_countries"":"""",""barcode"":""P11000000000021317"",""inventory_id"":892,""location_id"":2989,""stock_level"":2,""stock_level_available"":2,""stock_max_level"":0,""stock_warn_level"":0,""location_priority"":3000},{""id"":2415,""type_id"":5,""parent_location_id"":null,""legacy_id"":null,""location_name"":""P11000000000021333"",""priority"":1027,""pickable"":0,""allow_box_splitting"":1,""allow_negative"":0,""on_hand_stock"":1,""warehouse_id"":2541,""deleted"":0,""deleted_at"":null,""created_at"":""2026-01-30 01:47:15"",""updated_at"":""2026-06-19 22:01:53"",""iso_countries"":"""",""barcode"":""P11000000000021333"",""inventory_id"":892,""location_id"":3005,""stock_level"":6,""stock_level_available"":6,""stock_max_level"":0,""stock_warn_level"":0,""location_priority"":3000},{""id"":2423,""type_id"":5,""parent_location_id"":null,""legacy_id"":null,""location_name"":""P11000000000021336"",""priority"":1028,""pickable"":0,""allow_box_splitting"":1,""allow_negative"":0,""on_hand_stock"":1,""warehouse_id"":2541,""deleted"":0,""deleted_at"":null,""created_at"":""2026-01-30 01:54:26"",""updated_at"":""2026-06-19 22:01:53"",""iso_countries"":"""",""barcode"":""P11000000000021336"",""inventory_id"":892,""location_id"":3008,""stock_level"":5,""stock_level_available"":5,""stock_max_level"":0,""stock_warn_level"":0,""location_priority"":3000},{""id"":2457,""type_id"":5,""parent_location_id"":null,""legacy_id"":null,""location_name"":""P11000000000021306"",""priority"":1029,""pickable"":0,""allow_box_splitting"":1,""allow_negative"":0,""on_hand_stock"":1,""warehouse_id"":2541,""deleted"":0,""deleted_at"":null,""created_at"":""2026-01-30 08:06:34"",""updated_at"":""2026-06-19 22:01:53"",""iso_countries"":"""",""barcode"":""P11000000000021306"",""inventory_id"":892,""location_id"":2978,""stock_level"":6,""stock_level_available"":6,""stock_max_level"":0,""stock_warn_level"":0,""location_priority"":3000},{""id"":2462,""type_id"":5,""parent_location_id"":null,""legacy_id"":null,""location_name"":""P11000000000021305"",""priority"":1030,""pickable"":0,""allow_box_splitting"":1,""allow_negative"":0,""on_hand_stock"":1,""warehouse_id"":2541,""deleted"":0,""deleted_at"":null,""created_at"":""2026-01-30 08:10:16"",""updated_at"":""2026-06-19 22:01:53"",""iso_countries"":"""",""barcode"":""P11000000000021305"",""inventory_id"":892,""location_id"":2977,""stock_level"":12,""stock_level_available"":12,""stock_max_level"":0,""stock_warn_level"":0,""location_priority"":3000},{""id"":3337,""type_id"":102,""parent_location_id"":null,""legacy_id"":null,""location_name"":""MU-F-15"",""priority"":100,""pickable"":1,""allow_box_splitting"":1,""allow_negative"":0,""on_hand_stock"":1,""warehouse_id"":7,""deleted"":0,""deleted_at"":null,""created_at"":""2026-02-15 23:57:59"",""updated_at"":""2026-06-19 22:01:53"",""iso_countries"":""[]"",""barcode"":""MU-F-15"",""inventory_id"":892,""location_id"":3814,""stock_level"":13,""stock_level_available"":13,""stock_max_level"":16,""stock_warn_level"":4,""location_priority"":1008},{""id"":5743,""type_id"":5,""parent_location_id"":null,""legacy_id"":null,""location_name"":""P11000000000021787"",""priority"":1037,""pickable"":0,""allow_box_splitting"":1,""allow_negative"":0,""on_hand_stock"":1,""warehouse_id"":2541,""deleted"":0,""deleted_at"":null,""created_at"":""2026-04-18 08:41:08"",""updated_at"":""2026-06-19 22:01:53"",""iso_countries"":"""",""barcode"":""P11000000000021787"",""inventory_id"":892,""location_id"":3458,""stock_level"":8,""stock_level_available"":8,""stock_max_level"":0,""stock_warn_level"":0,""location_priority"":3000},{""id"":5766,""type_id"":5,""parent_location_id"":null,""legacy_id"":null,""location_name"":""P11000000000022739"",""priority"":1038,""pickable"":0,""allow_box_splitting"":1,""allow_negative"":0,""on_hand_stock"":1,""warehouse_id"":2541,""deleted"":0,""deleted_at"":null,""created_at"":""2026-04-18 23:15:00"",""updated_at"":""2026-06-19 22:01:53"",""iso_countries"":"""",""barcode"":""P11000000000022739"",""inventory_id"":892,""location_id"":4306,""stock_level"":1,""stock_level_available"":1,""stock_max_level"":0,""stock_warn_level"":0,""location_priority"":3000},{""id"":5818,""type_id"":5,""parent_location_id"":null,""legacy_id"":null,""location_name"":""P11000000000022150"",""priority"":1039,""pickable"":0,""allow_box_splitting"":1,""allow_negative"":0,""on_hand_stock"":1,""warehouse_id"":2541,""deleted"":0,""deleted_at"":null,""created_at"":""2026-04-19 23:27:09"",""updated_at"":""2026-06-19 22:01:53"",""iso_countries"":"""",""barcode"":""P11000000000022150"",""inventory_id"":892,""location_id"":4043,""stock_level"":6,""stock_level_available"":6,""stock_max_level"":0,""stock_warn_level"":0,""location_priority"":3000},{""id"":5839,""type_id"":5,""parent_location_id"":null,""legacy_id"":null,""location_name"":""P11000000000022746"",""priority"":1040,""pickable"":0,""allow_box_splitting"":1,""allow_negative"":0,""on_hand_stock"":1,""warehouse_id"":2541,""deleted"":0,""deleted_at"":null,""created_at"":""2026-04-19 23:38:22"",""updated_at"":""2026-06-19 22:01:53"",""iso_countries"":"""",""barcode"":""P11000000000022746"",""inventory_id"":892,""location_id"":4299,""stock_level"":1,""stock_level_available"":1,""stock_max_level"":0,""stock_warn_level"":0,""location_priority"":3000},{""id"":6256,""type_id"":null,""parent_location_id"":null,""legacy_id"":null,""location_name"":""Picked"",""priority"":1042,""pickable"":0,""allow_box_splitting"":1,""allow_negative"":0,""on_hand_stock"":1,""warehouse_id"":6,""deleted"":0,""deleted_at"":null,""created_at"":""2026-04-28 12:24:36"",""updated_at"":""2026-06-20 05:41:01"",""iso_countries"":"""",""barcode"":""Picked"",""inventory_id"":892,""location_id"":3,""stock_level"":0,""stock_level_available"":-1,""stock_max_level"":0,""stock_warn_level"":0,""location_priority"":1000},{""id"":6788,""type_id"":5,""parent_location_id"":null,""legacy_id"":null,""location_name"":""PLT-0125"",""priority"":1043,""pickable"":0,""allow_box_splitting"":0,""allow_negative"":0,""on_hand_stock"":1,""warehouse_id"":7,""deleted"":0,""deleted_at"":null,""created_at"":""2026-05-14 12:04:47"",""updated_at"":""2026-06-19 22:01:53"",""iso_countries"":"""",""barcode"":""PLT-0125"",""inventory_id"":892,""location_id"":3759,""stock_level"":4,""stock_level_available"":4,""stock_max_level"":0,""stock_warn_level"":0,""location_priority"":0},{""id"":6794,""type_id"":5,""parent_location_id"":null,""legacy_id"":null,""location_name"":""PLT-0126"",""priority"":1044,""pickable"":0,""allow_box_splitting"":0,""allow_negative"":0,""on_hand_stock"":1,""warehouse_id"":7,""deleted"":0,""deleted_at"":null,""created_at"":""2026-05-14 12:26:24"",""updated_at"":""2026-06-19 22:01:53"",""iso_countries"":"""",""barcode"":""PLT-0126"",""inventory_id"":892,""location_id"":3760,""stock_level"":10,""stock_level_available"":10,""stock_max_level"":0,""stock_warn_level"":0,""location_priority"":0},{""id"":6803,""type_id"":5,""parent_location_id"":null,""legacy_id"":null,""location_name"":""PLT-0127"",""priority"":1045,""pickable"":0,""allow_box_splitting"":0,""allow_negative"":0,""on_hand_stock"":1,""warehouse_id"":7,""deleted"":0,""deleted_at"":null,""created_at"":""2026-05-14 13:53:29"",""updated_at"":""2026-06-19 22:01:53"",""iso_countries"":"""",""barcode"":""PLT-0127"",""inventory_id"":892,""location_id"":3761,""stock_level"":10,""stock_level_available"":10,""stock_max_level"":0,""stock_warn_level"":0,""location_priority"":0},{""id"":6811,""type_id"":5,""parent_location_id"":null,""legacy_id"":null,""location_name"":""PLT-0129"",""priority"":1046,""pickable"":0,""allow_box_splitting"":0,""allow_negative"":0,""on_hand_stock"":1,""warehouse_id"":7,""deleted"":0,""deleted_at"":null,""created_at"":""2026-05-14 14:54:03"",""updated_at"":""2026-06-19 22:01:53"",""iso_countries"":"""",""barcode"":""PLT-0129"",""inventory_id"":892,""location_id"":3763,""stock_level"":2,""stock_level_available"":2,""stock_max_level"":0,""stock_warn_level"":0,""location_priority"":0},{""id"":7211,""type_id"":5,""parent_location_id"":null,""legacy_id"":null,""location_name"":""PLT-0144"",""priority"":1048,""pickable"":0,""allow_box_splitting"":0,""allow_negative"":0,""on_hand_stock"":1,""warehouse_id"":7,""deleted"":0,""deleted_at"":null,""created_at"":""2026-05-26 15:41:07"",""updated_at"":""2026-06-19 22:01:53"",""iso_countries"":"""",""barcode"":""PLT-0144"",""inventory_id"":892,""location_id"":3778,""stock_level"":4,""stock_level_available"":4,""stock_max_level"":0,""stock_warn_level"":0,""location_priority"":0},{""id"":7234,""type_id"":5,""parent_location_id"":null,""legacy_id"":null,""location_name"":""PLT-0146"",""priority"":1050,""pickable"":0,""allow_box_splitting"":0,""allow_negative"":0,""on_hand_stock"":1,""warehouse_id"":7,""deleted"":0,""deleted_at"":null,""created_at"":""2026-05-26 16:40:22"",""updated_at"":""2026-06-19 22:01:53"",""iso_countries"":"""",""barcode"":""PLT-0146"",""inventory_id"":892,""location_id"":3780,""stock_level"":1,""stock_level_available"":1,""stock_max_level"":0,""stock_warn_level"":0,""location_priority"":0}]",https://makeandsupplyltd.myhelm.app/storage/thumbnails/892.jpg?v=1781216471,"[""https://s3.eu-central-003.backblazeb2.com/helm-public/inventory-uploads/f4d9e19955a2fada99c77b977f0dfdbb9791fb6c/dl_image_bN1OCb_1781216378.jpg""]",[]
906,,1,0,0,0,0,1,0,2,401259012,,124e4c73edda98007447f17ae41b12f2,,fc31ea1c-1392-4198-a472-fadb59f02e7a,102,0,102,102,0,051243139217,401259012,,,,https://makeandsupplyltd.myhelm.app/storage/thumbnails/906.jpg?v=1781928559,1,ML AIR V2 CMPT C/O EX SPN TEAL,3.040,64.8,40.6,26.7,1,1,0,0,,TH,4202125000,"Trunks, suitcases, vanity cases, executive-cases, briefcases, school satchels and similar containers",0.0000,0.0000,0,,1,0,[],0,0,1,,0,0,0,,0,20.0000,2026-06-19 22:01:54,2025-07-21 21:52:11,2026-06-20 05:09:20,,,,"[{""id"":1079,""type_id"":102,""parent_location_id"":null,""legacy_id"":null,""location_name"":""MU-B-05"",""priority"":100,""pickable"":1,""allow_box_splitting"":1,""allow_negative"":0,""on_hand_stock"":1,""warehouse_id"":7,""deleted"":0,""deleted_at"":null,""created_at"":""2025-09-20 21:20:47"",""updated_at"":""2026-06-19 22:01:54"",""iso_countries"":""[]"",""barcode"":""MU-B-05"",""inventory_id"":906,""location_id"":2002,""stock_level"":32,""stock_level_available"":32,""stock_max_level"":40,""stock_warn_level"":10,""location_priority"":1004},{""id"":2528,""type_id"":5,""parent_location_id"":null,""legacy_id"":null,""location_name"":""P11000000000021164"",""priority"":1010,""pickable"":0,""allow_box_splitting"":1,""allow_negative"":0,""on_hand_stock"":1,""warehouse_id"":2541,""deleted"":0,""deleted_at"":null,""created_at"":""2026-01-30 09:30:03"",""updated_at"":""2026-06-19 22:01:54"",""iso_countries"":""[]"",""barcode"":""P11000000000021164"",""inventory_id"":906,""location_id"":3707,""stock_level"":15,""stock_level_available"":15,""stock_max_level"":0,""stock_warn_level"":0,""location_priority"":3000},{""id"":2530,""type_id"":5,""parent_location_id"":null,""legacy_id"":null,""location_name"":""P11000000000021193"",""priority"":1012,""pickable"":0,""allow_box_splitting"":1,""allow_negative"":0,""on_hand_stock"":1,""warehouse_id"":2541,""deleted"":0,""deleted_at"":null,""created_at"":""2026-01-30 09:30:41"",""updated_at"":""2026-06-19 22:01:54"",""iso_countries"":""[]"",""barcode"":""P11000000000021193"",""inventory_id"":906,""location_id"":3710,""stock_level"":8,""stock_level_available"":8,""stock_max_level"":0,""stock_warn_level"":0,""location_priority"":3000},{""id"":2531,""type_id"":5,""parent_location_id"":null,""legacy_id"":null,""location_name"":""P11000000000021194"",""priority"":1013,""pickable"":0,""allow_box_splitting"":1,""allow_negative"":0,""on_hand_stock"":1,""warehouse_id"":2541,""deleted"":0,""deleted_at"":null,""created_at"":""2026-01-30 09:31:00"",""updated_at"":""2026-06-19 22:01:54"",""iso_countries"":""[]"",""barcode"":""P11000000000021194"",""inventory_id"":906,""location_id"":3691,""stock_level"":4,""stock_level_available"":4,""stock_max_level"":0,""stock_warn_level"":0,""location_priority"":3000},{""id"":3126,""type_id"":5,""parent_location_id"":null,""legacy_id"":null,""location_name"":""P11000000000021954"",""priority"":1014,""pickable"":0,""allow_box_splitting"":1,""allow_negative"":0,""on_hand_stock"":1,""warehouse_id"":2541,""deleted"":0,""deleted_at"":null,""created_at"":""2026-02-12 12:40:09"",""updated_at"":""2026-06-19 22:01:54"",""iso_countries"":"""",""barcode"":""P11000000000021954"",""inventory_id"":906,""location_id"":3625,""stock_level"":18,""stock_level_available"":18,""stock_max_level"":0,""stock_warn_level"":0,""location_priority"":3000},{""id"":3134,""type_id"":5,""parent_location_id"":null,""legacy_id"":null,""location_name"":""P11000000000021955"",""priority"":1015,""pickable"":0,""allow_box_splitting"":1,""allow_negative"":0,""on_hand_stock"":1,""warehouse_id"":2541,""deleted"":0,""deleted_at"":null,""created_at"":""2026-02-12 12:43:32"",""updated_at"":""2026-06-19 22:01:54"",""iso_countries"":"""",""barcode"":""P11000000000021955"",""inventory_id"":906,""location_id"":3626,""stock_level"":14,""stock_level_available"":14,""stock_max_level"":0,""stock_warn_level"":0,""location_priority"":3000},{""id"":3246,""type_id"":5,""parent_location_id"":null,""legacy_id"":null,""location_name"":""PLT-0087"",""priority"":1017,""pickable"":0,""allow_box_splitting"":0,""allow_negative"":0,""on_hand_stock"":1,""warehouse_id"":7,""deleted"":0,""deleted_at"":null,""created_at"":""2026-02-15 12:31:50"",""updated_at"":""2026-06-19 22:01:54"",""iso_countries"":"""",""barcode"":""PLT-0087"",""inventory_id"":906,""location_id"":3721,""stock_level"":8,""stock_level_available"":8,""stock_max_level"":0,""stock_warn_level"":0,""location_priority"":0},{""id"":3516,""type_id"":5,""parent_location_id"":null,""legacy_id"":null,""location_name"":""P11000000000022489"",""priority"":1018,""pickable"":0,""allow_box_splitting"":1,""allow_negative"":0,""on_hand_stock"":1,""warehouse_id"":2541,""deleted"":0,""deleted_at"":null,""created_at"":""2026-02-24 21:28:10"",""updated_at"":""2026-06-19 22:01:54"",""iso_countries"":"""",""barcode"":""P11000000000022489"",""inventory_id"":906,""location_id"":3888,""stock_level"":3,""stock_level_available"":3,""stock_max_level"":0,""stock_warn_level"":0,""location_priority"":3000}]",https://makeandsupplyltd.myhelm.app/storage/thumbnails/906.jpg?v=1781928559,"[""https://s3.eu-central-003.backblazeb2.com/helm-public/inventory-uploads/58f4d6d50d385bc1e4ab0e9e5a73caf0f135217e/dl_image_OjKe4j_1778685112.jpg""]",[]
907,,1,0,0,0,0,1,0,2,401259047,,5ee6264b7c8236544b931678e9b95de5,,3b17a0f7-8a49-49ec-9bd4-19fb7b8778b7,233,0,233,233,0,051243139187,401259047,,,,https://makeandsupplyltd.myhelm.app/storage/thumbnails/907.jpg?v=1781928560,1,ML AIR V2 CMPT C/O EX SPN ENSN,3.040,64.8,40.6,26.7,1,1,0,0,,TH,4202125000,"Trunks, suitcases, vanity cases, executive-cases, briefcases, school satchels and similar containers",0.0000,0.0000,0,,1,0,[],0,0,1,,0,0,0,,0,20.0000,2026-06-19 22:01:55,2025-07-21 21:52:11,2026-06-20 05:09:20,,,,"[{""id"":2194,""type_id"":5,""parent_location_id"":null,""legacy_id"":null,""location_name"":""P11000000000021618"",""priority"":1013,""pickable"":0,""allow_box_splitting"":1,""allow_negative"":0,""on_hand_stock"":1,""warehouse_id"":2541,""deleted"":0,""deleted_at"":null,""created_at"":""2026-01-26 21:23:59"",""updated_at"":""2026-06-19 22:01:55"",""iso_countries"":"""",""barcode"":""P11000000000021618"",""inventory_id"":907,""location_id"":3289,""stock_level"":17,""stock_level_available"":17,""stock_max_level"":0,""stock_warn_level"":0,""location_priority"":3000},{""id"":2526,""type_id"":5,""parent_location_id"":null,""legacy_id"":null,""location_name"":""P11000000000021163"",""priority"":1014,""pickable"":0,""allow_box_splitting"":1,""allow_negative"":0,""on_hand_stock"":1,""warehouse_id"":2541,""deleted"":0,""deleted_at"":null,""created_at"":""2026-01-30 09:28:40"",""updated_at"":""2026-06-19 22:01:55"",""iso_countries"":""[]"",""barcode"":""P11000000000021163"",""inventory_id"":907,""location_id"":3693,""stock_level"":7,""stock_level_available"":7,""stock_max_level"":0,""stock_warn_level"":0,""location_priority"":3000},{""id"":2527,""type_id"":5,""parent_location_id"":null,""legacy_id"":null,""location_name"":""P11000000000021207"",""priority"":1015,""pickable"":0,""allow_box_splitting"":1,""allow_negative"":0,""on_hand_stock"":1,""warehouse_id"":2541,""deleted"":0,""deleted_at"":null,""created_at"":""2026-01-30 09:29:13"",""updated_at"":""2026-06-19 22:01:55"",""iso_countries"":"""",""barcode"":""P11000000000021207"",""inventory_id"":907,""location_id"":2879,""stock_level"":7,""stock_level_available"":7,""stock_max_level"":0,""stock_warn_level"":0,""location_priority"":3000},{""id"":2988,""type_id"":5,""parent_location_id"":null,""legacy_id"":null,""location_name"":""P11000000000021796"",""priority"":1018,""pickable"":0,""allow_box_splitting"":1,""allow_negative"":0,""on_hand_stock"":1,""warehouse_id"":2541,""deleted"":0,""deleted_at"":null,""created_at"":""2026-02-07 23:03:02"",""updated_at"":""2026-06-19 22:01:55"",""iso_countries"":"""",""barcode"":""P11000000000021796"",""inventory_id"":907,""location_id"":3467,""stock_level"":8,""stock_level_available"":8,""stock_max_level"":0,""stock_warn_level"":0,""location_priority"":3000},{""id"":4050,""type_id"":102,""parent_location_id"":null,""legacy_id"":null,""location_name"":""MU-G-22"",""priority"":100,""pickable"":1,""allow_box_splitting"":1,""allow_negative"":0,""on_hand_stock"":1,""warehouse_id"":7,""deleted"":0,""deleted_at"":null,""created_at"":""2026-03-02 02:06:43"",""updated_at"":""2026-06-19 22:01:55"",""iso_countries"":""[]"",""barcode"":""MU-G-22"",""inventory_id"":907,""location_id"":4155,""stock_level"":21,""stock_level_available"":21,""stock_max_level"":0,""stock_warn_level"":0,""location_priority"":1},{""id"":5251,""type_id"":5,""parent_location_id"":null,""legacy_id"":null,""location_name"":""P11000000000024314"",""priority"":1024,""pickable"":0,""allow_box_splitting"":1,""allow_negative"":0,""on_hand_stock"":1,""warehouse_id"":2541,""deleted"":0,""deleted_at"":null,""created_at"":""2026-04-11 09:02:37"",""updated_at"":""2026-06-19 22:01:55"",""iso_countries"":"""",""barcode"":""P11000000000024314"",""inventory_id"":907,""location_id"":4386,""stock_level"":1,""stock_level_available"":1,""stock_max_level"":0,""stock_warn_level"":0,""location_priority"":3000},{""id"":5691,""type_id"":5,""parent_location_id"":null,""legacy_id"":null,""location_name"":""PLT-0108"",""priority"":1025,""pickable"":0,""allow_box_splitting"":0,""allow_negative"":0,""on_hand_stock"":1,""warehouse_id"":7,""deleted"":0,""deleted_at"":null,""created_at"":""2026-04-16 15:52:12"",""updated_at"":""2026-06-19 22:01:55"",""iso_countries"":"""",""barcode"":""PLT-0108"",""inventory_id"":907,""location_id"":3742,""stock_level"":27,""stock_level_available"":27,""stock_max_level"":0,""stock_warn_level"":0,""location_priority"":0},{""id"":5696,""type_id"":5,""parent_location_id"":null,""legacy_id"":null,""location_name"":""PLT-0114"",""priority"":1026,""pickable"":0,""allow_box_splitting"":0,""allow_negative"":0,""on_hand_stock"":1,""warehouse_id"":7,""deleted"":0,""deleted_at"":null,""created_at"":""2026-04-16 16:00:07"",""updated_at"":""2026-06-19 22:01:55"",""iso_countries"":"""",""barcode"":""PLT-0114"",""inventory_id"":907,""location_id"":3748,""stock_level"":29,""stock_level_available"":29,""stock_max_level"":0,""stock_warn_level"":0,""location_priority"":0},{""id"":5699,""type_id"":5,""parent_location_id"":null,""legacy_id"":null,""location_name"":""PLT-0117"",""priority"":1027,""pickable"":0,""allow_box_splitting"":0,""allow_negative"":0,""on_hand_stock"":1,""warehouse_id"":7,""deleted"":0,""deleted_at"":null,""created_at"":""2026-04-16 16:06:02"",""updated_at"":""2026-06-19 22:01:55"",""iso_countries"":"""",""barcode"":""PLT-0117"",""inventory_id"":907,""location_id"":3751,""stock_level"":25,""stock_level_available"":25,""stock_max_level"":0,""stock_warn_level"":0,""location_priority"":0},{""id"":5703,""type_id"":5,""parent_location_id"":null,""legacy_id"":null,""location_name"":""PLT-0121"",""priority"":1028,""pickable"":0,""allow_box_splitting"":0,""allow_negative"":0,""on_hand_stock"":1,""warehouse_id"":7,""deleted"":0,""deleted_at"":null,""created_at"":""2026-04-16 16:11:24"",""updated_at"":""2026-06-19 22:01:55"",""iso_countries"":"""",""barcode"":""PLT-0121"",""inventory_id"":907,""location_id"":3755,""stock_level"":10,""stock_level_available"":10,""stock_max_level"":0,""stock_warn_level"":0,""location_priority"":0},{""id"":5704,""type_id"":5,""parent_location_id"":null,""legacy_id"":null,""location_name"":""PLT-0122"",""priority"":1029,""pickable"":0,""allow_box_splitting"":0,""allow_negative"":0,""on_hand_stock"":1,""warehouse_id"":7,""deleted"":0,""deleted_at"":null,""created_at"":""2026-04-16 16:12:40"",""updated_at"":""2026-06-19 22:01:55"",""iso_countries"":"""",""barcode"":""PLT-0122"",""inventory_id"":907,""location_id"":3756,""stock_level"":8,""stock_level_available"":8,""stock_max_level"":0,""stock_warn_level"":0,""location_priority"":0},{""id"":6826,""type_id"":5,""parent_location_id"":null,""legacy_id"":null,""location_name"":""PLT-0132"",""priority"":1030,""pickable"":0,""allow_box_splitting"":0,""allow_negative"":0,""on_hand_stock"":1,""warehouse_id"":7,""deleted"":0,""deleted_at"":null,""created_at"":""2026-05-14 16:55:31"",""updated_at"":""2026-06-19 22:01:55"",""iso_countries"":"""",""barcode"":""PLT-0132"",""inventory_id"":907,""location_id"":3766,""stock_level"":8,""stock_level_available"":8,""stock_max_level"":0,""stock_warn_level"":0,""location_priority"":0},{""id"":6967,""type_id"":5,""parent_location_id"":null,""legacy_id"":null,""location_name"":""PLT-0133"",""priority"":1031,""pickable"":0,""allow_box_splitting"":0,""allow_negative"":0,""on_hand_stock"":1,""warehouse_id"":7,""deleted"":0,""deleted_at"":null,""created_at"":""2026-05-19 12:27:19"",""updated_at"":""2026-06-19 22:01:55"",""iso_countries"":"""",""barcode"":""PLT-0133"",""inventory_id"":907,""location_id"":3767,""stock_level"":15,""stock_level_available"":15,""stock_max_level"":0,""stock_warn_level"":0,""location_priority"":0},{""id"":7077,""type_id"":5,""parent_location_id"":null,""legacy_id"":null,""location_name"":""PLT-0138"",""priority"":1032,""pickable"":0,""allow_box_splitting"":0,""allow_negative"":0,""on_hand_stock"":1,""warehouse_id"":7,""deleted"":0,""deleted_at"":null,""created_at"":""2026-05-22 13:58:01"",""updated_at"":""2026-06-19 22:01:55"",""iso_countries"":"""",""barcode"":""PLT-0138"",""inventory_id"":907,""location_id"":3772,""stock_level"":1,""stock_level_available"":1,""stock_max_level"":0,""stock_warn_level"":0,""location_priority"":0},{""id"":7198,""type_id"":5,""parent_location_id"":null,""legacy_id"":null,""location_name"":""PLT-0143"",""priority"":1033,""pickable"":0,""allow_box_splitting"":0,""allow_negative"":0,""on_hand_stock"":1,""warehouse_id"":7,""deleted"":0,""deleted_at"":null,""created_at"":""2026-05-26 14:49:18"",""updated_at"":""2026-06-19 22:01:55"",""iso_countries"":"""",""barcode"":""PLT-0143"",""inventory_id"":907,""location_id"":3777,""stock_level"":1,""stock_level_available"":1,""stock_max_level"":0,""stock_warn_level"":0,""location_priority"":0},{""id"":7203,""type_id"":5,""parent_location_id"":null,""legacy_id"":null,""location_name"":""PLT-0144"",""priority"":1034,""pickable"":0,""allow_box_splitting"":0,""allow_negative"":0,""on_hand_stock"":1,""warehouse_id"":7,""deleted"":0,""deleted_at"":null,""created_at"":""2026-05-26 15:30:35"",""updated_at"":""2026-06-19 22:01:55"",""iso_countries"":"""",""barcode"":""PLT-0144"",""inventory_id"":907,""location_id"":3778,""stock_level"":1,""stock_level_available"":1,""stock_max_level"":0,""stock_warn_level"":0,""location_priority"":0},{""id"":7329,""type_id"":102,""parent_location_id"":null,""legacy_id"":null,""location_name"":""FL-ZZ-07"",""priority"":1035,""pickable"":1,""allow_box_splitting"":1,""allow_negative"":0,""on_hand_stock"":1,""warehouse_id"":7,""deleted"":0,""deleted_at"":null,""created_at"":""2026-05-28 12:22:55"",""updated_at"":""2026-06-19 22:01:55"",""iso_countries"":"""",""barcode"":""FL-ZZ-07"",""inventory_id"":907,""location_id"":4543,""stock_level"":16,""stock_level_available"":16,""stock_max_level"":0,""stock_warn_level"":0,""location_priority"":1},{""id"":7364,""type_id"":99,""parent_location_id"":null,""legacy_id"":null,""location_name"":""UK-01-SORTING"",""priority"":1036,""pickable"":1,""allow_box_splitting"":1,""allow_negative"":0,""on_hand_stock"":1,""warehouse_id"":7,""deleted"":0,""deleted_at"":null,""created_at"":""2026-05-28 22:53:25"",""updated_at"":""2026-06-19 22:01:55"",""iso_countries"":""[]"",""barcode"":""UK-01-SORTING"",""inventory_id"":907,""location_id"":2336,""stock_level"":31,""stock_level_available"":31,""stock_max_level"":0,""stock_warn_level"":0,""location_priority"":8}]",https://makeandsupplyltd.myhelm.app/storage/thumbnails/907.jpg?v=1781928560,"[""https://s3.eu-central-003.backblazeb2.com/helm-public/inventory-uploads/d07700addfd689b24f6e18429079823206b23486/dl_image_WHFoFj_1778685113.jpg""]",[]
1272,,1,0,0,,0,1,0,2,TP9021C9012,,3bf8d03f772d2e329a794d6a531f161c,,f06505e0-0435-42c3-a68d-a92782159f78,0,0,0,0,0,,,,,,https://makeandsupplyltd.myhelm.app/storage/thumbnails/1272.jpg?v=1781928560,0,Pathways™ 3.0 - Cabin Hardside Expandable Spinner ROYAL BLUE,3.000,0.0,0.0,0.0,5,1,0,0,,,,,500.0000,,0,,1,0,{},0,0,1,,0,0,0,,0,20.0000,2026-01-28 20:59:48,2025-09-04 19:12:28,2026-06-20 05:09:20,,,,[],https://makeandsupplyltd.myhelm.app/storage/thumbnails/1272.jpg?v=1781928560,"[""https://helm-36.s3.amazonaws.com/inventory-uploads/ca6809f8ca347b935c3eaa7373756d438566a7e7/dl_image_exSXyf_1757009799.jpg"",""https://s3.eu-central-003.backblazeb2.com/helm-public/inventory-uploads/ca6809f8ca347b935c3eaa7373756d438566a7e7/dl_image_ynF6ws_1778685108.jpg""]",[]
904,,1,0,0,0,0,1,0,2,401259006,,a652057579aa5209dd720c86bbb31964,,ba98ad77-1e83-4431-9496-e80c0cdfbd04,174,0,174,174,0,051243139194,401259006,,,,https://makeandsupplyltd.myhelm.app/storage/thumbnails/904.jpg?v=1781928557,1,ML AIR V2 CMPT C/O EX SPN SL G,3.040,64.8,40.6,26.7,1,1,0,0,,TH,4202125000,"Trunks, suitcases, vanity cases, executive-cases, briefcases, school satchels and similar containers",0.0000,0.0000,0,,1,0,[],0,0,1,,0,0,0,,0,20.0000,2026-06-19 22:01:54,2025-07-21 21:52:11,2026-06-20 05:09:19,,,,"[{""id"":2532,""type_id"":5,""parent_location_id"":null,""legacy_id"":null,""location_name"":""P11000000000021207"",""priority"":1011,""pickable"":0,""allow_box_splitting"":1,""allow_negative"":0,""on_hand_stock"":1,""warehouse_id"":2541,""deleted"":0,""deleted_at"":null,""created_at"":""2026-01-30 09:31:51"",""updated_at"":""2026-06-19 22:01:54"",""iso_countries"":"""",""barcode"":""P11000000000021207"",""inventory_id"":904,""location_id"":2879,""stock_level"":4,""stock_level_available"":4,""stock_max_level"":0,""stock_warn_level"":0,""location_priority"":3000},{""id"":2951,""type_id"":5,""parent_location_id"":null,""legacy_id"":null,""location_name"":""P11000000000021776"",""priority"":1015,""pickable"":0,""allow_box_splitting"":1,""allow_negative"":0,""on_hand_stock"":1,""warehouse_id"":2541,""deleted"":0,""deleted_at"":null,""created_at"":""2026-02-07 21:59:39"",""updated_at"":""2026-06-19 22:01:54"",""iso_countries"":"""",""barcode"":""P11000000000021776"",""inventory_id"":904,""location_id"":3447,""stock_level"":8,""stock_level_available"":8,""stock_max_level"":0,""stock_warn_level"":0,""location_priority"":3000},{""id"":3131,""type_id"":5,""parent_location_id"":null,""legacy_id"":null,""location_name"":""P11000000000021945"",""priority"":1016,""pickable"":0,""allow_box_splitting"":1,""allow_negative"":0,""on_hand_stock"":1,""warehouse_id"":2541,""deleted"":0,""deleted_at"":null,""created_at"":""2026-02-12 12:42:12"",""updated_at"":""2026-06-19 22:01:54"",""iso_countries"":"""",""barcode"":""P11000000000021945"",""inventory_id"":904,""location_id"":3616,""stock_level"":16,""stock_level_available"":16,""stock_max_level"":0,""stock_warn_level"":0,""location_priority"":3000},{""id"":3265,""type_id"":5,""parent_location_id"":null,""legacy_id"":null,""location_name"":""PLT-0090"",""priority"":1018,""pickable"":0,""allow_box_splitting"":0,""allow_negative"":0,""on_hand_stock"":1,""warehouse_id"":7,""deleted"":0,""deleted_at"":null,""created_at"":""2026-02-15 15:51:46"",""updated_at"":""2026-06-19 22:01:54"",""iso_countries"":"""",""barcode"":""PLT-0090"",""inventory_id"":904,""location_id"":3724,""stock_level"":4,""stock_level_available"":4,""stock_max_level"":0,""stock_warn_level"":0,""location_priority"":0},{""id"":3513,""type_id"":5,""parent_location_id"":null,""legacy_id"":null,""location_name"":""P11000000000022200"",""priority"":1019,""pickable"":0,""allow_box_splitting"":1,""allow_negative"":0,""on_hand_stock"":1,""warehouse_id"":2541,""deleted"":0,""deleted_at"":null,""created_at"":""2026-02-24 21:26:56"",""updated_at"":""2026-06-19 22:01:54"",""iso_countries"":"""",""barcode"":""P11000000000022200"",""inventory_id"":904,""location_id"":3995,""stock_level"":10,""stock_level_available"":10,""stock_max_level"":0,""stock_warn_level"":0,""location_priority"":3000},{""id"":5693,""type_id"":5,""parent_location_id"":null,""legacy_id"":null,""location_name"":""PLT-0110"",""priority"":1023,""pickable"":0,""allow_box_splitting"":0,""allow_negative"":0,""on_hand_stock"":1,""warehouse_id"":7,""deleted"":0,""deleted_at"":null,""created_at"":""2026-04-16 15:54:23"",""updated_at"":""2026-06-19 22:01:54"",""iso_countries"":"""",""barcode"":""PLT-0110"",""inventory_id"":904,""location_id"":3744,""stock_level"":26,""stock_level_available"":26,""stock_max_level"":0,""stock_warn_level"":0,""location_priority"":0},{""id"":5698,""type_id"":5,""parent_location_id"":null,""legacy_id"":null,""location_name"":""PLT-0116"",""priority"":1024,""pickable"":0,""allow_box_splitting"":0,""allow_negative"":0,""on_hand_stock"":1,""warehouse_id"":7,""deleted"":0,""deleted_at"":null,""created_at"":""2026-04-16 16:04:21"",""updated_at"":""2026-06-19 22:01:54"",""iso_countries"":"""",""barcode"":""PLT-0116"",""inventory_id"":904,""location_id"":3750,""stock_level"":30,""stock_level_available"":30,""stock_max_level"":0,""stock_warn_level"":0,""location_priority"":0},{""id"":5702,""type_id"":5,""parent_location_id"":null,""legacy_id"":null,""location_name"":""PLT-0120"",""priority"":1025,""pickable"":0,""allow_box_splitting"":0,""allow_negative"":0,""on_hand_stock"":1,""warehouse_id"":7,""deleted"":0,""deleted_at"":null,""created_at"":""2026-04-16 16:07:56"",""updated_at"":""2026-06-19 22:01:54"",""iso_countries"":"""",""barcode"":""PLT-0120"",""inventory_id"":904,""location_id"":3754,""stock_level"":31,""stock_level_available"":31,""stock_max_level"":0,""stock_warn_level"":0,""location_priority"":0},{""id"":5706,""type_id"":5,""parent_location_id"":null,""legacy_id"":null,""location_name"":""PLT-0122"",""priority"":1026,""pickable"":0,""allow_box_splitting"":0,""allow_negative"":0,""on_hand_stock"":1,""warehouse_id"":7,""deleted"":0,""deleted_at"":null,""created_at"":""2026-04-16 16:13:26"",""updated_at"":""2026-06-19 22:01:54"",""iso_countries"":"""",""barcode"":""PLT-0122"",""inventory_id"":904,""location_id"":3756,""stock_level"":2,""stock_level_available"":2,""stock_max_level"":0,""stock_warn_level"":0,""location_priority"":0},{""id"":5727,""type_id"":102,""parent_location_id"":null,""legacy_id"":null,""location_name"":""FL-KK-02"",""priority"":100,""pickable"":1,""allow_box_splitting"":1,""allow_negative"":0,""on_hand_stock"":1,""warehouse_id"":7,""deleted"":0,""deleted_at"":null,""created_at"":""2026-04-17 13:11:40"",""updated_at"":""2026-06-19 22:01:54"",""iso_countries"":"""",""barcode"":""FL-KK-02"",""inventory_id"":904,""location_id"":4474,""stock_level"":21,""stock_level_available"":21,""stock_max_level"":0,""stock_warn_level"":0,""location_priority"":1},{""id"":6236,""type_id"":5,""parent_location_id"":null,""legacy_id"":null,""location_name"":""P11000000000024854"",""priority"":1027,""pickable"":0,""allow_box_splitting"":1,""allow_negative"":0,""on_hand_stock"":1,""warehouse_id"":2541,""deleted"":0,""deleted_at"":null,""created_at"":""2026-04-28 01:58:09"",""updated_at"":""2026-06-19 22:01:54"",""iso_countries"":""[]"",""barcode"":""P11000000000024854"",""inventory_id"":904,""location_id"":4592,""stock_level"":5,""stock_level_available"":5,""stock_max_level"":0,""stock_warn_level"":0,""location_priority"":1},{""id"":6824,""type_id"":5,""parent_location_id"":null,""legacy_id"":null,""location_name"":""PLT-0132"",""priority"":1028,""pickable"":0,""allow_box_splitting"":0,""allow_negative"":0,""on_hand_stock"":1,""warehouse_id"":7,""deleted"":0,""deleted_at"":null,""created_at"":""2026-05-14 16:54:15"",""updated_at"":""2026-06-19 22:01:54"",""iso_countries"":"""",""barcode"":""PLT-0132"",""inventory_id"":904,""location_id"":3766,""stock_level"":4,""stock_level_available"":4,""stock_max_level"":0,""stock_warn_level"":0,""location_priority"":0},{""id"":7067,""type_id"":5,""parent_location_id"":null,""legacy_id"":null,""location_name"":""PLT-0135"",""priority"":1029,""pickable"":0,""allow_box_splitting"":0,""allow_negative"":0,""on_hand_stock"":1,""warehouse_id"":7,""deleted"":0,""deleted_at"":null,""created_at"":""2026-05-22 12:19:08"",""updated_at"":""2026-06-19 22:01:54"",""iso_countries"":"""",""barcode"":""PLT-0135"",""inventory_id"":904,""location_id"":3769,""stock_level"":6,""stock_level_available"":6,""stock_max_level"":0,""stock_warn_level"":0,""location_priority"":0},{""id"":7082,""type_id"":5,""parent_location_id"":null,""legacy_id"":null,""location_name"":""PLT-0138"",""priority"":1030,""pickable"":0,""allow_box_splitting"":0,""allow_negative"":0,""on_hand_stock"":1,""warehouse_id"":7,""deleted"":0,""deleted_at"":null,""created_at"":""2026-05-22 13:59:34"",""updated_at"":""2026-06-19 22:01:54"",""iso_countries"":"""",""barcode"":""PLT-0138"",""inventory_id"":904,""location_id"":3772,""stock_level"":1,""stock_level_available"":1,""stock_max_level"":0,""stock_warn_level"":0,""location_priority"":0},{""id"":7104,""type_id"":5,""parent_location_id"":null,""legacy_id"":null,""location_name"":""PLT-0140"",""priority"":1031,""pickable"":0,""allow_box_splitting"":0,""allow_negative"":0,""on_hand_stock"":1,""warehouse_id"":7,""deleted"":0,""deleted_at"":null,""created_at"":""2026-05-22 16:19:28"",""updated_at"":""2026-06-19 22:01:54"",""iso_countries"":"""",""barcode"":""PLT-0140"",""inventory_id"":904,""location_id"":3774,""stock_level"":4,""stock_level_available"":4,""stock_max_level"":0,""stock_warn_level"":0,""location_priority"":0},{""id"":7196,""type_id"":5,""parent_location_id"":null,""legacy_id"":null,""location_name"":""PLT-0143"",""priority"":1032,""pickable"":0,""allow_box_splitting"":0,""allow_negative"":0,""on_hand_stock"":1,""warehouse_id"":7,""deleted"":0,""deleted_at"":null,""created_at"":""2026-05-26 14:48:08"",""updated_at"":""2026-06-19 22:01:54"",""iso_countries"":"""",""barcode"":""PLT-0143"",""inventory_id"":904,""location_id"":3777,""stock_level"":2,""stock_level_available"":2,""stock_max_level"":0,""stock_warn_level"":0,""location_priority"":0}]",https://makeandsupplyltd.myhelm.app/storage/thumbnails/904.jpg?v=1781928557,"[""https://s3.eu-central-003.backblazeb2.com/helm-public/inventory-uploads/da703021288d6391be52195dbffefa8456b8d4cc/dl_image_l5ALhE_1780391443.jpg""]",[]
905,,1,0,0,0,0,1,0,2,401259007,,c5ecd9926c82bdba083ef2b7b5d39e1b,,ddba685e-31dc-4f77-a9d8-15d622612c86,289,0,289,289,0,051243139200,401259007,,,,https://makeandsupplyltd.myhelm.app/storage/thumbnails/905.jpg?v=1781928559,1,ML AIR V2 CMPT C/O EX SPN PNK,3.040,64.8,40.6,26.7,1,1,0,0,,TH,4202125000,"Trunks, suitcases, vanity cases, executive-cases, briefcases, school satchels and similar containers",0.0000,0.0000,0,,1,0,[],0,0,1,,0,0,0,,0,20.0000,2026-06-19 22:01:54,2025-07-21 21:52:11,2026-06-20 05:09:19,,,,"[{""id"":1074,""type_id"":102,""parent_location_id"":null,""legacy_id"":null,""location_name"":""MU-A-06"",""priority"":100,""pickable"":1,""allow_box_splitting"":1,""allow_negative"":0,""on_hand_stock"":1,""warehouse_id"":7,""deleted"":0,""deleted_at"":null,""created_at"":""2025-09-20 21:02:25"",""updated_at"":""2026-06-19 22:01:54"",""iso_countries"":""[]"",""barcode"":""MU-A-06"",""inventory_id"":905,""location_id"":1997,""stock_level"":22,""stock_level_available"":22,""stock_max_level"":28,""stock_warn_level"":7,""location_priority"":14},{""id"":3091,""type_id"":5,""parent_location_id"":null,""legacy_id"":null,""location_name"":""P11000000000021943"",""priority"":1009,""pickable"":0,""allow_box_splitting"":1,""allow_negative"":0,""on_hand_stock"":1,""warehouse_id"":2541,""deleted"":0,""deleted_at"":null,""created_at"":""2026-02-12 12:05:34"",""updated_at"":""2026-06-19 22:01:54"",""iso_countries"":"""",""barcode"":""P11000000000021943"",""inventory_id"":905,""location_id"":3614,""stock_level"":17,""stock_level_available"":17,""stock_max_level"":0,""stock_warn_level"":0,""location_priority"":3000},{""id"":3111,""type_id"":5,""parent_location_id"":null,""legacy_id"":null,""location_name"":""P11000000000021944"",""priority"":1010,""pickable"":0,""allow_box_splitting"":1,""allow_negative"":0,""on_hand_stock"":1,""warehouse_id"":2541,""deleted"":0,""deleted_at"":null,""created_at"":""2026-02-12 12:15:36"",""updated_at"":""2026-06-19 22:01:54"",""iso_countries"":"""",""barcode"":""P11000000000021944"",""inventory_id"":905,""location_id"":3615,""stock_level"":34,""stock_level_available"":34,""stock_max_level"":0,""stock_warn_level"":0,""location_priority"":3000},{""id"":3124,""type_id"":5,""parent_location_id"":null,""legacy_id"":null,""location_name"":""P11000000000021946"",""priority"":1011,""pickable"":0,""allow_box_splitting"":1,""allow_negative"":0,""on_hand_stock"":1,""warehouse_id"":2541,""deleted"":0,""deleted_at"":null,""created_at"":""2026-02-12 12:39:10"",""updated_at"":""2026-06-19 22:01:54"",""iso_countries"":"""",""barcode"":""P11000000000021946"",""inventory_id"":905,""location_id"":3617,""stock_level"":34,""stock_level_available"":34,""stock_max_level"":0,""stock_warn_level"":0,""location_priority"":3000},{""id"":3241,""type_id"":5,""parent_location_id"":null,""legacy_id"":null,""location_name"":""PLT-0085"",""priority"":500,""pickable"":0,""allow_box_splitting"":0,""allow_negative"":0,""on_hand_stock"":1,""warehouse_id"":7,""deleted"":0,""deleted_at"":null,""created_at"":""2026-02-15 12:10:45"",""updated_at"":""2026-06-19 22:01:54"",""iso_countries"":"""",""barcode"":""PLT-0085"",""inventory_id"":905,""location_id"":3719,""stock_level"":11,""stock_level_available"":11,""stock_max_level"":0,""stock_warn_level"":0,""location_priority"":0},{""id"":4740,""type_id"":5,""parent_location_id"":null,""legacy_id"":null,""location_name"":""P11000000000022744"",""priority"":1013,""pickable"":0,""allow_box_splitting"":1,""allow_negative"":0,""on_hand_stock"":1,""warehouse_id"":2541,""deleted"":0,""deleted_at"":null,""created_at"":""2026-03-30 19:27:57"",""updated_at"":""2026-06-19 22:01:54"",""iso_countries"":"""",""barcode"":""P11000000000022744"",""inventory_id"":905,""location_id"":4256,""stock_level"":1,""stock_level_available"":1,""stock_max_level"":0,""stock_warn_level"":0,""location_priority"":3000},{""id"":4794,""type_id"":5,""parent_location_id"":null,""legacy_id"":null,""location_name"":""P11000000000023140"",""priority"":1014,""pickable"":0,""allow_box_splitting"":1,""allow_negative"":0,""on_hand_stock"":1,""warehouse_id"":2541,""deleted"":0,""deleted_at"":null,""created_at"":""2026-03-30 19:46:26"",""updated_at"":""2026-06-19 22:01:54"",""iso_countries"":"""",""barcode"":""P11000000000023140"",""inventory_id"":905,""location_id"":4318,""stock_level"":6,""stock_level_available"":6,""stock_max_level"":0,""stock_warn_level"":0,""location_priority"":3000},{""id"":5250,""type_id"":5,""parent_location_id"":null,""legacy_id"":null,""location_name"":""P11000000000024320"",""priority"":1017,""pickable"":0,""allow_box_splitting"":1,""allow_negative"":0,""on_hand_stock"":1,""warehouse_id"":2541,""deleted"":0,""deleted_at"":null,""created_at"":""2026-04-11 09:02:19"",""updated_at"":""2026-06-19 22:01:54"",""iso_countries"":"""",""barcode"":""P11000000000024320"",""inventory_id"":905,""location_id"":4394,""stock_level"":1,""stock_level_available"":1,""stock_max_level"":0,""stock_warn_level"":0,""location_priority"":3000},{""id"":5692,""type_id"":5,""parent_location_id"":null,""legacy_id"":null,""location_name"":""PLT-0109"",""priority"":1018,""pickable"":0,""allow_box_splitting"":0,""allow_negative"":0,""on_hand_stock"":1,""warehouse_id"":7,""deleted"":0,""deleted_at"":null,""created_at"":""2026-04-16 15:53:28"",""updated_at"":""2026-06-19 22:01:54"",""iso_countries"":"""",""barcode"":""PLT-0109"",""inventory_id"":905,""location_id"":3743,""stock_level"":30,""stock_level_available"":30,""stock_max_level"":0,""stock_warn_level"":0,""location_priority"":0},{""id"":5694,""type_id"":5,""parent_location_id"":null,""legacy_id"":null,""location_name"":""PLT-0111"",""priority"":1019,""pickable"":0,""allow_box_splitting"":0,""allow_negative"":0,""on_hand_stock"":1,""warehouse_id"":7,""deleted"":0,""deleted_at"":null,""created_at"":""2026-04-16 15:55:06"",""updated_at"":""2026-06-19 22:01:54"",""iso_countries"":"""",""barcode"":""PLT-0111"",""inventory_id"":905,""location_id"":3745,""stock_level"":29,""stock_level_available"":29,""stock_max_level"":0,""stock_warn_level"":0,""location_priority"":0},{""id"":5695,""type_id"":5,""parent_location_id"":null,""legacy_id"":null,""location_name"":""PLT-0112"",""priority"":1020,""pickable"":0,""allow_box_splitting"":0,""allow_negative"":0,""on_hand_stock"":1,""warehouse_id"":7,""deleted"":0,""deleted_at"":null,""created_at"":""2026-04-16 15:57:50"",""updated_at"":""2026-06-19 22:01:54"",""iso_countries"":"""",""barcode"":""PLT-0112"",""inventory_id"":905,""location_id"":3746,""stock_level"":29,""stock_level_available"":29,""stock_max_level"":0,""stock_warn_level"":0,""location_priority"":0},{""id"":5697,""type_id"":5,""parent_location_id"":null,""legacy_id"":null,""location_name"":""PLT-0115"",""priority"":1021,""pickable"":0,""allow_box_splitting"":0,""allow_negative"":0,""on_hand_stock"":1,""warehouse_id"":7,""deleted"":0,""deleted_at"":null,""created_at"":""2026-04-16 16:03:14"",""updated_at"":""2026-06-19 22:01:54"",""iso_countries"":"""",""barcode"":""PLT-0115"",""inventory_id"":905,""location_id"":3749,""stock_level"":29,""stock_level_available"":29,""stock_max_level"":0,""stock_warn_level"":0,""location_priority"":0},{""id"":5700,""type_id"":5,""parent_location_id"":null,""legacy_id"":null,""location_name"":""PLT-0118"",""priority"":1022,""pickable"":0,""allow_box_splitting"":0,""allow_negative"":0,""on_hand_stock"":1,""warehouse_id"":7,""deleted"":0,""deleted_at"":null,""created_at"":""2026-04-16 16:06:36"",""updated_at"":""2026-06-19 22:01:54"",""iso_countries"":"""",""barcode"":""PLT-0118"",""inventory_id"":905,""location_id"":3752,""stock_level"":7,""stock_level_available"":7,""stock_max_level"":0,""stock_warn_level"":0,""location_priority"":0},{""id"":5701,""type_id"":5,""parent_location_id"":null,""legacy_id"":null,""location_name"":""PLT-0119"",""priority"":1023,""pickable"":0,""allow_box_splitting"":0,""allow_negative"":0,""on_hand_stock"":1,""warehouse_id"":7,""deleted"":0,""deleted_at"":null,""created_at"":""2026-04-16 16:07:21"",""updated_at"":""2026-06-19 22:01:54"",""iso_countries"":"""",""barcode"":""PLT-0119"",""inventory_id"":905,""location_id"":3753,""stock_level"":24,""stock_level_available"":24,""stock_max_level"":0,""stock_warn_level"":0,""location_priority"":0},{""id"":5705,""type_id"":5,""parent_location_id"":null,""legacy_id"":null,""location_name"":""PLT-0122"",""priority"":1024,""pickable"":0,""allow_box_splitting"":0,""allow_negative"":0,""on_hand_stock"":1,""warehouse_id"":7,""deleted"":0,""deleted_at"":null,""created_at"":""2026-04-16 16:13:05"",""updated_at"":""2026-06-19 22:01:54"",""iso_countries"":"""",""barcode"":""PLT-0122"",""inventory_id"":905,""location_id"":3756,""stock_level"":4,""stock_level_available"":4,""stock_max_level"":0,""stock_warn_level"":0,""location_priority"":0},{""id"":7061,""type_id"":5,""parent_location_id"":null,""legacy_id"":null,""location_name"":""PLT-0135"",""priority"":1025,""pickable"":0,""allow_box_splitting"":0,""allow_negative"":0,""on_hand_stock"":1,""warehouse_id"":7,""deleted"":0,""deleted_at"":null,""created_at"":""2026-05-22 12:15:23"",""updated_at"":""2026-06-19 22:01:54"",""iso_countries"":"""",""barcode"":""PLT-0135"",""inventory_id"":905,""location_id"":3769,""stock_level"":4,""stock_level_available"":4,""stock_max_level"":0,""stock_warn_level"":0,""location_priority"":0},{""id"":7101,""type_id"":5,""parent_location_id"":null,""legacy_id"":null,""location_name"":""PLT-0140"",""priority"":1026,""pickable"":0,""allow_box_splitting"":0,""allow_negative"":0,""on_hand_stock"":1,""warehouse_id"":7,""deleted"":0,""deleted_at"":null,""created_at"":""2026-05-22 16:18:32"",""updated_at"":""2026-06-19 22:01:54"",""iso_countries"":"""",""barcode"":""PLT-0140"",""inventory_id"":905,""location_id"":3774,""stock_level"":7,""stock_level_available"":7,""stock_max_level"":0,""stock_warn_level"":0,""location_priority"":0}]",https://makeandsupplyltd.myhelm.app/storage/thumbnails/905.jpg?v=1781928559,"[""https://s3.eu-central-003.backblazeb2.com/helm-public/inventory-uploads/566881030e6b775457d000589dd6b00225d0ce39/dl_image_OrWVGa_1778685112.jpg""]",[]
902,,1,0,0,0,0,1,0,2,401259001,,e74a607071c1cb3656dd1c8e32ea2ea8,,523ddfa0-45a2-4232-9b7d-f1e8f5c2ce4c,179,0,179,179,0,051243139170,401259001,,,,https://makeandsupplyltd.myhelm.app/storage/thumbnails/902.jpg?v=1781928556,1,ML AIR V2 CMPT C/O EX SPN BLK,3.040,64.8,40.6,26.7,1,1,0,0,,TH,4202125000,"Trunks, suitcases, vanity cases, executive-cases, briefcases, school satchels and similar containers",0.0000,0.0000,0,,1,0,[],0,0,1,,0,0,0,,0,20.0000,2026-06-19 22:01:54,2025-07-21 21:52:11,2026-06-20 05:09:17,,,,"[{""id"":1078,""type_id"":102,""parent_location_id"":null,""legacy_id"":null,""location_name"":""MU-B-04"",""priority"":100,""pickable"":1,""allow_box_splitting"":1,""allow_negative"":0,""on_hand_stock"":1,""warehouse_id"":7,""deleted"":0,""deleted_at"":null,""created_at"":""2025-09-20 21:18:22"",""updated_at"":""2026-06-19 22:01:54"",""iso_countries"":""[]"",""barcode"":""MU-B-04"",""inventory_id"":902,""location_id"":2001,""stock_level"":9,""stock_level_available"":9,""stock_max_level"":20,""stock_warn_level"":5,""location_priority"":1003},{""id"":2190,""type_id"":5,""parent_location_id"":null,""legacy_id"":null,""location_name"":""P11000000000021611"",""priority"":1016,""pickable"":0,""allow_box_splitting"":1,""allow_negative"":0,""on_hand_stock"":1,""warehouse_id"":2541,""deleted"":0,""deleted_at"":null,""created_at"":""2026-01-26 21:16:48"",""updated_at"":""2026-06-19 22:01:54"",""iso_countries"":"""",""barcode"":""P11000000000021611"",""inventory_id"":902,""location_id"":3282,""stock_level"":16,""stock_level_available"":16,""stock_max_level"":0,""stock_warn_level"":0,""location_priority"":3000},{""id"":2535,""type_id"":5,""parent_location_id"":null,""legacy_id"":null,""location_name"":""P11000000000021161"",""priority"":1018,""pickable"":0,""allow_box_splitting"":1,""allow_negative"":0,""on_hand_stock"":1,""warehouse_id"":2541,""deleted"":0,""deleted_at"":null,""created_at"":""2026-01-30 09:33:21"",""updated_at"":""2026-06-19 22:01:54"",""iso_countries"":""[]"",""barcode"":""P11000000000021161"",""inventory_id"":902,""location_id"":3694,""stock_level"":4,""stock_level_available"":4,""stock_max_level"":0,""stock_warn_level"":0,""location_priority"":3000},{""id"":2536,""type_id"":5,""parent_location_id"":null,""legacy_id"":null,""location_name"":""P11000000000021192"",""priority"":1019,""pickable"":0,""allow_box_splitting"":1,""allow_negative"":0,""on_hand_stock"":1,""warehouse_id"":2541,""deleted"":0,""deleted_at"":null,""created_at"":""2026-01-30 09:33:32"",""updated_at"":""2026-06-19 22:01:54"",""iso_countries"":""[]"",""barcode"":""P11000000000021192"",""inventory_id"":902,""location_id"":3690,""stock_level"":1,""stock_level_available"":1,""stock_max_level"":0,""stock_warn_level"":0,""location_priority"":3000},{""id"":2945,""type_id"":5,""parent_location_id"":null,""legacy_id"":null,""location_name"":""P11000000000021772"",""priority"":1022,""pickable"":0,""allow_box_splitting"":1,""allow_negative"":0,""on_hand_stock"":1,""warehouse_id"":2541,""deleted"":0,""deleted_at"":null,""created_at"":""2026-02-07 21:57:15"",""updated_at"":""2026-06-19 22:01:54"",""iso_countries"":"""",""barcode"":""P11000000000021772"",""inventory_id"":902,""location_id"":3443,""stock_level"":8,""stock_level_available"":8,""stock_max_level"":0,""stock_warn_level"":0,""location_priority"":3000},{""id"":2946,""type_id"":5,""parent_location_id"":null,""legacy_id"":null,""location_name"":""P11000000000021781"",""priority"":1023,""pickable"":0,""allow_box_splitting"":1,""allow_negative"":0,""on_hand_stock"":1,""warehouse_id"":2541,""deleted"":0,""deleted_at"":null,""created_at"":""2026-02-07 21:57:30"",""updated_at"":""2026-06-19 22:01:54"",""iso_countries"":"""",""barcode"":""P11000000000021781"",""inventory_id"":902,""location_id"":3452,""stock_level"":8,""stock_level_available"":8,""stock_max_level"":0,""stock_warn_level"":0,""location_priority"":3000},{""id"":2947,""type_id"":5,""parent_location_id"":null,""legacy_id"":null,""location_name"":""P11000000000021783"",""priority"":1024,""pickable"":0,""allow_box_splitting"":1,""allow_negative"":0,""on_hand_stock"":1,""warehouse_id"":2541,""deleted"":0,""deleted_at"":null,""created_at"":""2026-02-07 21:57:45"",""updated_at"":""2026-06-19 22:01:54"",""iso_countries"":"""",""barcode"":""P11000000000021783"",""inventory_id"":902,""location_id"":3454,""stock_level"":8,""stock_level_available"":8,""stock_max_level"":0,""stock_warn_level"":0,""location_priority"":3000},{""id"":2948,""type_id"":5,""parent_location_id"":null,""legacy_id"":null,""location_name"":""P11000000000021788"",""priority"":1025,""pickable"":0,""allow_box_splitting"":1,""allow_negative"":0,""on_hand_stock"":1,""warehouse_id"":2541,""deleted"":0,""deleted_at"":null,""created_at"":""2026-02-07 21:58:33"",""updated_at"":""2026-06-19 22:01:54"",""iso_countries"":"""",""barcode"":""P11000000000021788"",""inventory_id"":902,""location_id"":3459,""stock_level"":8,""stock_level_available"":8,""stock_max_level"":0,""stock_warn_level"":0,""location_priority"":3000},{""id"":2949,""type_id"":5,""parent_location_id"":null,""legacy_id"":null,""location_name"":""P11000000000021792"",""priority"":1026,""pickable"":0,""allow_box_splitting"":1,""allow_negative"":0,""on_hand_stock"":1,""warehouse_id"":2541,""deleted"":0,""deleted_at"":null,""created_at"":""2026-02-07 21:58:45"",""updated_at"":""2026-06-19 22:01:54"",""iso_countries"":"""",""barcode"":""P11000000000021792"",""inventory_id"":902,""location_id"":3463,""stock_level"":8,""stock_level_available"":8,""stock_max_level"":0,""stock_warn_level"":0,""location_priority"":3000},{""id"":3245,""type_id"":5,""parent_location_id"":null,""legacy_id"":null,""location_name"":""PLT-0087"",""priority"":1028,""pickable"":0,""allow_box_splitting"":0,""allow_negative"":0,""on_hand_stock"":1,""warehouse_id"":7,""deleted"":0,""deleted_at"":null,""created_at"":""2026-02-15 12:30:37"",""updated_at"":""2026-06-19 22:01:54"",""iso_countries"":"""",""barcode"":""PLT-0087"",""inventory_id"":902,""location_id"":3721,""stock_level"":13,""stock_level_available"":13,""stock_max_level"":0,""stock_warn_level"":0,""location_priority"":0},{""id"":4789,""type_id"":5,""parent_location_id"":null,""legacy_id"":null,""location_name"":""P11000000000022917"",""priority"":1032,""pickable"":0,""allow_box_splitting"":1,""allow_negative"":0,""on_hand_stock"":1,""warehouse_id"":2541,""deleted"":0,""deleted_at"":null,""created_at"":""2026-03-30 19:45:15"",""updated_at"":""2026-06-19 22:01:54"",""iso_countries"":"""",""barcode"":""P11000000000022917"",""inventory_id"":902,""location_id"":4313,""stock_level"":18,""stock_level_available"":18,""stock_max_level"":0,""stock_warn_level"":0,""location_priority"":3000},{""id"":4790,""type_id"":5,""parent_location_id"":null,""legacy_id"":null,""location_name"":""P11000000000022925"",""priority"":1033,""pickable"":0,""allow_box_splitting"":1,""allow_negative"":0,""on_hand_stock"":1,""warehouse_id"":2541,""deleted"":0,""deleted_at"":null,""created_at"":""2026-03-30 19:45:25"",""updated_at"":""2026-06-19 22:01:54"",""iso_countries"":"""",""barcode"":""P11000000000022925"",""inventory_id"":902,""location_id"":4314,""stock_level"":13,""stock_level_available"":13,""stock_max_level"":0,""stock_warn_level"":0,""location_priority"":3000},{""id"":4791,""type_id"":5,""parent_location_id"":null,""legacy_id"":null,""location_name"":""P11000000000022928"",""priority"":1034,""pickable"":0,""allow_box_splitting"":1,""allow_negative"":0,""on_hand_stock"":1,""warehouse_id"":2541,""deleted"":0,""deleted_at"":null,""created_at"":""2026-03-30 19:45:34"",""updated_at"":""2026-06-19 22:01:54"",""iso_countries"":"""",""barcode"":""P11000000000022928"",""inventory_id"":902,""location_id"":4315,""stock_level"":17,""stock_level_available"":17,""stock_max_level"":0,""stock_warn_level"":0,""location_priority"":3000},{""id"":4792,""type_id"":5,""parent_location_id"":null,""legacy_id"":null,""location_name"":""P11000000000023172"",""priority"":1035,""pickable"":0,""allow_box_splitting"":1,""allow_negative"":0,""on_hand_stock"":1,""warehouse_id"":2541,""deleted"":0,""deleted_at"":null,""created_at"":""2026-03-30 19:45:44"",""updated_at"":""2026-06-19 22:01:54"",""iso_countries"":"""",""barcode"":""P11000000000023172"",""inventory_id"":902,""location_id"":4316,""stock_level"":18,""stock_level_available"":18,""stock_max_level"":0,""stock_warn_level"":0,""location_priority"":3000},{""id"":4793,""type_id"":5,""parent_location_id"":null,""legacy_id"":null,""location_name"":""P11000000000023173"",""priority"":1036,""pickable"":0,""allow_box_splitting"":1,""allow_negative"":0,""on_hand_stock"":1,""warehouse_id"":2541,""deleted"":0,""deleted_at"":null,""created_at"":""2026-03-30 19:45:53"",""updated_at"":""2026-06-19 22:01:54"",""iso_countries"":"""",""barcode"":""P11000000000023173"",""inventory_id"":902,""location_id"":4317,""stock_level"":12,""stock_level_available"":12,""stock_max_level"":0,""stock_warn_level"":0,""location_priority"":3000},{""id"":6189,""type_id"":5,""parent_location_id"":null,""legacy_id"":null,""location_name"":""P11000000000024848"",""priority"":1037,""pickable"":0,""allow_box_splitting"":1,""allow_negative"":0,""on_hand_stock"":1,""warehouse_id"":2541,""deleted"":0,""deleted_at"":null,""created_at"":""2026-04-28 00:59:03"",""updated_at"":""2026-06-19 22:01:54"",""iso_countries"":""[]"",""barcode"":""P11000000000024848"",""inventory_id"":902,""location_id"":4575,""stock_level"":1,""stock_level_available"":1,""stock_max_level"":0,""stock_warn_level"":0,""location_priority"":1001},{""id"":7058,""type_id"":5,""parent_location_id"":null,""legacy_id"":null,""location_name"":""PLT-0134"",""priority"":1038,""pickable"":0,""allow_box_splitting"":0,""allow_negative"":0,""on_hand_stock"":1,""warehouse_id"":7,""deleted"":0,""deleted_at"":null,""created_at"":""2026-05-22 12:03:24"",""updated_at"":""2026-06-19 22:01:54"",""iso_countries"":"""",""barcode"":""PLT-0134"",""inventory_id"":902,""location_id"":3768,""stock_level"":14,""stock_level_available"":14,""stock_max_level"":0,""stock_warn_level"":0,""location_priority"":0},{""id"":7064,""type_id"":5,""parent_location_id"":null,""legacy_id"":null,""location_name"":""PLT-0135"",""priority"":1039,""pickable"":0,""allow_box_splitting"":0,""allow_negative"":0,""on_hand_stock"":1,""warehouse_id"":7,""deleted"":0,""deleted_at"":null,""created_at"":""2026-05-22 12:17:05"",""updated_at"":""2026-06-19 22:01:54"",""iso_countries"":"""",""barcode"":""PLT-0135"",""inventory_id"":902,""location_id"":3769,""stock_level"":1,""stock_level_available"":1,""stock_max_level"":0,""stock_warn_level"":0,""location_priority"":0},{""id"":7193,""type_id"":5,""parent_location_id"":null,""legacy_id"":null,""location_name"":""PLT-0143"",""priority"":1040,""pickable"":0,""allow_box_splitting"":0,""allow_negative"":0,""on_hand_stock"":1,""warehouse_id"":7,""deleted"":0,""deleted_at"":null,""created_at"":""2026-05-26 14:41:42"",""updated_at"":""2026-06-19 22:01:54"",""iso_countries"":"""",""barcode"":""PLT-0143"",""inventory_id"":902,""location_id"":3777,""stock_level"":2,""stock_level_available"":2,""stock_max_level"":0,""stock_warn_level"":0,""location_priority"":0}]",https://makeandsupplyltd.myhelm.app/storage/thumbnails/902.jpg?v=1781928556,"[""https://s3.eu-central-003.backblazeb2.com/helm-public/inventory-uploads/c0fe94f64962dfad467b386830df4677f166c61d/dl_image_1VIJxC_1781468126.jpg""]",[]
903,,1,0,0,0,0,1,0,2,401259002,,1285af41c99beb9cbfe5712d0647aa1d,,d3b89fc1-114a-4cea-a649-45306cee5a13,40,0,40,40,0,051243139224,401259002,,,,https://makeandsupplyltd.myhelm.app/storage/thumbnails/903.jpg?v=1781928557,1,ML AIR V2 CMPT C/O EX SPN MBLU,3.040,64.8,40.6,26.7,1,1,0,0,,TH,4202125000,"Trunks, suitcases, vanity cases, executive-cases, briefcases, school satchels and similar containers",0.0000,0.0000,0,,1,0,[],0,0,1,,0,0,0,,0,20.0000,2026-06-19 22:01:54,2025-07-21 21:52:11,2026-06-20 05:09:17,,,,"[{""id"":1072,""type_id"":102,""parent_location_id"":null,""legacy_id"":null,""location_name"":""MU-A-04"",""priority"":100,""pickable"":1,""allow_box_splitting"":1,""allow_negative"":0,""on_hand_stock"":1,""warehouse_id"":7,""deleted"":0,""deleted_at"":null,""created_at"":""2025-09-20 20:57:30"",""updated_at"":""2026-06-19 22:01:54"",""iso_countries"":""[]"",""barcode"":""MU-A-04"",""inventory_id"":903,""location_id"":1995,""stock_level"":23,""stock_level_available"":23,""stock_max_level"":40,""stock_warn_level"":10,""location_priority"":12},{""id"":7085,""type_id"":5,""parent_location_id"":null,""legacy_id"":null,""location_name"":""PLT-0138"",""priority"":10001,""pickable"":0,""allow_box_splitting"":0,""allow_negative"":0,""on_hand_stock"":1,""warehouse_id"":7,""deleted"":0,""deleted_at"":null,""created_at"":""2026-05-22 14:00:27"",""updated_at"":""2026-06-19 22:01:54"",""iso_countries"":"""",""barcode"":""PLT-0138"",""inventory_id"":903,""location_id"":3772,""stock_level"":7,""stock_level_available"":7,""stock_max_level"":0,""stock_warn_level"":0,""location_priority"":0},{""id"":7088,""type_id"":5,""parent_location_id"":null,""legacy_id"":null,""location_name"":""PLT-0139"",""priority"":10002,""pickable"":0,""allow_box_splitting"":0,""allow_negative"":0,""on_hand_stock"":1,""warehouse_id"":7,""deleted"":0,""deleted_at"":null,""created_at"":""2026-05-22 14:04:31"",""updated_at"":""2026-06-19 22:01:54"",""iso_countries"":"""",""barcode"":""PLT-0139"",""inventory_id"":903,""location_id"":3773,""stock_level"":9,""stock_level_available"":9,""stock_max_level"":0,""stock_warn_level"":0,""location_priority"":0},{""id"":7202,""type_id"":5,""parent_location_id"":null,""legacy_id"":null,""location_name"":""PLT-0144"",""priority"":10003,""pickable"":0,""allow_box_splitting"":0,""allow_negative"":0,""on_hand_stock"":1,""warehouse_id"":7,""deleted"":0,""deleted_at"":null,""created_at"":""2026-05-26 15:29:38"",""updated_at"":""2026-06-19 22:01:54"",""iso_countries"":"""",""barcode"":""PLT-0144"",""inventory_id"":903,""location_id"":3778,""stock_level"":1,""stock_level_available"":1,""stock_max_level"":0,""stock_warn_level"":0,""location_priority"":0}]",https://makeandsupplyltd.myhelm.app/storage/thumbnails/903.jpg?v=1781928557,"[""https://s3.eu-central-003.backblazeb2.com/helm-public/inventory-uploads/7e5714aa0048fd9d5fefe57bb15fd13e87884eeb/dl_image_KYtQW4_1780750825.jpg""]",[]
2550,,1,0,0,,0,1,0,6,DKW110-WTZ,,b4a44bf34ae6414ddcf25e384dcbd67b,,152a75ca-af68-4b1f-ad44-ff5312d786e8,0,0,0,0,0,,,,,,https://makeandsupplyltd.myhelm.app/storage/thumbnails/2550.jpg?v=1781915787,0,Sports Bottle - Aluminum - 25.36 oz Pack of 120 / White,0.000,0.0,0.0,0.0,5,1,0,0,,,,,324.0000,,0,,1,0,{},0,0,,,0,0,0,,0,20.0000,,2026-06-15 10:51:28,2026-06-20 01:36:28,,,,[],https://makeandsupplyltd.myhelm.app/storage/thumbnails/2550.jpg?v=1781915787,"[""https://s3.eu-central-003.backblazeb2.com/helm-public/inventory-uploads/5f346c7900845ac60ce04b148cf073d857d2e13c/dl_image_i35sLz_1781526588.jpg""]",[]
2557,,1,0,0,,0,1,0,6,DKW118-BKZ,,27dd6262431b3da0e72b96afc09cd99d,,fb5b7c1a-1f6c-4d95-87b2-7ce4108de16a,0,0,0,0,0,,,,,,https://makeandsupplyltd.myhelm.app/storage/thumbnails/2557.jpg?v=1781915788,0,Tumbler with Straw Lid - Stainless Steel - 40 oz Pack of 120 / Black,0.000,0.0,0.0,0.0,5,1,0,0,,,,,324.0000,,0,,1,0,{},0,0,,,0,0,0,,0,20.0000,,2026-06-15 10:51:28,2026-06-20 01:36:28,,,,[],https://makeandsupplyltd.myhelm.app/storage/thumbnails/2557.jpg?v=1781915788,"[""https://s3.eu-central-003.backblazeb2.com/helm-public/inventory-uploads/a57f2eee18703f02d1d12f4565d184b85b5502bf/dl_image_msloWo_1781526592.jpg""]",[]
2548,,1,0,0,,0,1,0,6,DKW110-RDZ,,1c5b918371ca44a142f756dcd67c301d,,7fe66642-5565-41a7-a473-6082fa8974e7,0,0,0,0,0,,,,,,https://makeandsupplyltd.myhelm.app/storage/thumbnails/2548.jpg?v=1781915786,0,Sports Bottle - Aluminum - 25.36 oz Pack of 120 / Red,0.000,0.0,0.0,0.0,5,1,0,0,,,,,324.0000,,0,,1,0,{},0,0,,,0,0,0,,0,20.0000,,2026-06-15 10:51:28,2026-06-20 01:36:27,,,,[],https://makeandsupplyltd.myhelm.app/storage/thumbnails/2548.jpg?v=1781915786,"[""https://s3.eu-central-003.backblazeb2.com/helm-public/inventory-uploads/32640e9381021ef4d28a14ef6efd049e4aedb163/dl_image_WgEbkm_1781526586.jpg""]",[]
2549,,1,0,0,,0,1,0,6,DKW110-SVZ,,371f6969e6223119d6a27391634d07ea,,69eb5984-b1ca-4c90-ba1c-d77661692949,0,0,0,0,0,,,,,,https://makeandsupplyltd.myhelm.app/storage/thumbnails/2549.jpg?v=1781915787,0,Sports Bottle - Aluminum - 25.36 oz Pack of 120 / Silver,0.000,0.0,0.0,0.0,5,1,0,0,,,,,324.0000,,0,,1,0,{},0,0,,,0,0,0,,0,20.0000,,2026-06-15 10:51:28,2026-06-20 01:36:27,,,,[],https://makeandsupplyltd.myhelm.app/storage/thumbnails/2549.jpg?v=1781915787,"[""https://s3.eu-central-003.backblazeb2.com/helm-public/inventory-uploads/94314d030ac9836f90aef75d5c764b0c5f9a43b1/dl_image_1nvLKg_1781526587.jpg""]",[]
2545,,1,0,0,,0,1,0,6,DKW110-BLL,,559cbb2952c8062951601f13e6e23a7d,,4b1758fa-067e-48fe-9b64-b6727ab3292e,0,0,0,0,0,,,,,,https://makeandsupplyltd.myhelm.app/storage/thumbnails/2545.jpg?v=1781915785,0,Sports Bottle - Aluminum - 25.36 oz Pack of 120 / Light Blue,0.000,0.0,0.0,0.0,5,1,0,0,,,,,324.0000,,0,,1,0,{},0,0,,,0,0,0,,0,20.0000,,2026-06-15 10:51:28,2026-06-20 01:36:26,,,,[],https://makeandsupplyltd.myhelm.app/storage/thumbnails/2545.jpg?v=1781915785,"[""https://s3.eu-central-003.backblazeb2.com/helm-public/inventory-uploads/7c2a485c997bd455de38f408d96a1e68f4252f36/dl_image_JmevF7_1781526583.jpg""]",[]
2546,,1,0,0,,0,1,0,6,DKW110-GNZ,,a7f10c26c3cad87c912f1fda06fc3eea,,f75f5de9-1a36-4c56-95dd-f73ea0cd385e,0,0,0,0,0,,,,,,https://makeandsupplyltd.myhelm.app/storage/thumbnails/2546.jpg?v=1781915786,0,Sports Bottle - Aluminum - 25.36 oz Pack of 120 / Green,0.000,0.0,0.0,0.0,5,1,0,0,,,,,324.0000,,0,,1,0,{},0,0,,,0,0,0,,0,20.0000,,2026-06-15 10:51:28,2026-06-20 01:36:26,,,,[],https://makeandsupplyltd.myhelm.app/storage/thumbnails/2546.jpg?v=1781915786,"[""https://s3.eu-central-003.backblazeb2.com/helm-public/inventory-uploads/fb8c32e9a37accaf95d721b1b39b666e1e779391/dl_image_jLKfsU_1781526584.jpg""]",[]
